{"cameraMode":{"drawMode":0,"name":"Shaded","section":"Shading Mode"},"sceneLighting":false,"audioPlay":false,"sceneViewState":{"m_AlwaysRefresh":false,"showFog":true,"showSkybox":false,"showFlares":true,"showImageEffects":true,"showParticleSystems":true,"showVisualEffectGraphs":true,"m_FxEnabled":true},"in2DMode":false,"pivot":{"x":-0.043065670877695087,"y":0.8581150770187378,"z":0.5489993095397949},"rotation":{"x":0.02092711627483368,"y":-0.9773528575897217,"z":0.1757279932498932,"w":0.1163407564163208},"size":1.338120698928833,"orthographic":false}