{"cameraMode":{"drawMode":0,"name":"Shaded","section":"Shading Mode"},"sceneLighting":false,"audioPlay":false,"sceneViewState":{"m_AlwaysRefresh":false,"showFog":true,"showSkybox":false,"showFlares":true,"showImageEffects":true,"showParticleSystems":true,"showVisualEffectGraphs":true,"m_FxEnabled":true},"in2DMode":false,"pivot":{"x":-0.06706154346466065,"y":4.184241771697998,"z":-0.007511138916015625},"rotation":{"x":0.2568485140800476,"y":-0.3652362823486328,"z":0.10557873547077179,"w":0.888534665107727},"size":4.854635238647461,"orthographic":true}