{"cameraMode":{"drawMode":0,"name":"Shaded","section":"Shading Mode"},"sceneLighting":false,"audioPlay":false,"sceneViewState":{"m_AlwaysRefresh":false,"showFog":true,"showSkybox":false,"showFlares":true,"showImageEffects":true,"showParticleSystems":true,"showVisualEffectGraphs":true,"m_FxEnabled":true},"in2DMode":false,"pivot":{"x":-0.00993359461426735,"y":0.23099717497825623,"z":0.03267872333526611},"rotation":{"x":-0.054354894906282428,"y":0.38008806109428408,"z":-0.022367382422089578,"w":-0.9230919480323792},"size":0.44061279296875,"orthographic":false}