{"cameraMode":{"drawMode":0,"name":"Shaded","section":"Shading Mode"},"sceneLighting":true,"audioPlay":false,"sceneViewState":{"m_AlwaysRefresh":false,"showFog":true,"showSkybox":true,"showFlares":true,"showImageEffects":true,"showParticleSystems":true,"showVisualEffectGraphs":true,"m_FxEnabled":true},"in2DMode":false,"pivot":{"x":223.1373748779297,"y":-0.0000019073486328125,"z":534.1912841796875},"rotation":{"x":-0.2948172986507416,"y":0.5342549085617065,"z":-0.20586003363132478,"w":-0.765047550201416},"size":7.1632890701293949,"orthographic":false}