{"cameraMode":{"drawMode":0,"name":"Shaded","section":"Shading Mode"},"sceneLighting":false,"audioPlay":false,"sceneViewState":{"m_AlwaysRefresh":false,"showFog":true,"showSkybox":false,"showFlares":true,"showImageEffects":true,"showParticleSystems":true,"showVisualEffectGraphs":true,"m_FxEnabled":true},"in2DMode":false,"pivot":{"x":-1.7881393432617188e-7,"y":0.7869728803634644,"z":0.010281205177307129},"rotation":{"x":0.0500333271920681,"y":0.9495633840560913,"z":-0.20418903231620789,"w":0.23267698287963868},"size":1.430422306060791,"orthographic":false}